{
  "name": "Substream SDK",
  "version": "1.0.0",
  "unity_version": "2021.3",
  "description": "Stream your Unity game in one line of code!",
  "export_date": "2025-08-22T17:33:59.974619",
  "contents": [
    "Scripts/Substream.cs - Main SDK interface",
    "Demos/Scripts/DemoController.cs - Example implementation",
    "Editor/DemoSceneCreator.cs - Demo scene creation tool",
    "Plugins/Android/AndroidManifest.xml - Required permissions",
    "Plugins/Android/substream-release.aar - Android native library (build separately)",
    "Documentation/README.md - Getting started guide"
  ]
}